{
    "accuracy": 0.9436875567665758,
    "precision": 0.8983050847457628,
    "recall": 0.6794871794871795
}
